{"count":1,"self":22146.0594688,"total":26561.2028688,"children":{"InitializeActuators":{"count":125,"self":0.0030134999999999997,"total":0.0030134999999999997,"children":null},"InitializeSensors":{"count":125,"self":0.0010014,"total":0.0010014,"children":null},"AgentSendState":{"count":633971,"self":4.359768,"total":50.5278596,"children":{"CollectObservations":{"count":626642,"self":31.0612832,"total":31.061282499999997,"children":null},"WriteActionMask":{"count":626642,"self":0.8552578,"total":0.8552578,"children":null},"RequestDecision":{"count":626642,"self":3.7436192,"total":14.2515513,"children":{"AgentInfo.ToProto":{"count":626642,"self":3.6211376,"total":10.5079321,"children":{"GenerateSensorData":{"count":626642,"self":6.8867943999999994,"total":6.8867943,"children":null}}}}}}},"DecideAction":{"count":633971,"self":4357.9478015999994,"total":4357.9478752999994,"children":null},"AgentAct":{"count":633971,"self":6.6592252,"total":6.6592253,"children":null},"AgentInfo.ToProto":{"count":195,"self":0.0015049999999999998,"total":0.0048698,"children":{"GenerateSensorData":{"count":195,"self":0.0033648,"total":0.0033648,"children":null}}}},"gauges":{"MarioAgent.CumulativeReward":{"count":98,"max":1139.455,"min":-44.9969,"runningAverage":155.351379,"value":11.8609877,"weightedAverage":56.8733063}},"metadata":{"timer_format_version":"0.1.0","start_time_seconds":"1763442950","unity_version":"2022.3.43f1","command_line_arguments":"C:\\Program Files\\Unity\\Hub\\Editor\\2022.3.43f1\\Editor\\Unity.exe -openfile C:\\Users\\ArthurPrediger\\Documents\\Unity Projects\\UnitySuperMarioBros_ML_Agent\\Assets\\Scenes\\1-2.unity","communication_protocol_version":"1.5.0","com.unity.ml-agents_version":"2.0.2","scene_name":"1-2","end_time_seconds":"1763469511"}}