{"count":1,"self":45624.7345152,"total":68473.083929799992,"children":{"InitializeActuators":{"count":1644,"self":0.0164352,"total":0.0164352,"children":null},"InitializeSensors":{"count":1644,"self":0.0150762,"total":0.0150762,"children":null},"AgentSendState":{"count":3336347,"self":19.883825599999998,"total":228.9486143,"children":{"CollectObservations":{"count":3231741,"self":143.6017152,"total":143.6017153,"children":null},"WriteActionMask":{"count":3231741,"self":3.3973568,"total":3.397357,"children":null},"RequestDecision":{"count":3231741,"self":16.4751296,"total":62.065717,"children":{"AgentInfo.ToProto":{"count":3231741,"self":15.103731199999999,"total":45.5905881,"children":{"GenerateSensorData":{"count":3231741,"self":30.486857599999997,"total":30.4868572,"children":null}}}}}}},"DecideAction":{"count":3336347,"self":22556.383641599998,"total":22556.3831214,"children":null},"AgentAct":{"count":3336347,"self":62.940019199999995,"total":62.940019199999995,"children":null},"AgentInfo.ToProto":{"count":2590,"self":0.0075458999999999995,"total":0.0429142,"children":{"GenerateSensorData":{"count":2590,"self":0.0353683,"total":0.0353683,"children":null}}}},"gauges":{"MarioAgent.CumulativeReward":{"count":1575,"max":1200.9408,"min":-3.01187682,"runningAverage":140.4691,"value":1194.37891,"weightedAverage":561.5732}},"metadata":{"timer_format_version":"0.1.0","start_time_seconds":"1763771595","unity_version":"2022.3.43f1","command_line_arguments":"C:\\Program Files\\Unity\\Hub\\Editor\\2022.3.43f1\\Editor\\Unity.exe -openfile C:\\Users\\ArthurPrediger\\Documents\\Unity Projects\\UnitySuperMarioBros_ML_Agent\\Assets\\Scenes\\1-2.unity","communication_protocol_version":"1.5.0","com.unity.ml-agents_version":"2.0.2","scene_name":"1-2","end_time_seconds":"1763840068"}}