{"count":1,"self":39928.5190656,"total":59792.9758618,"children":{"InitializeActuators":{"count":1282,"self":0.0115883,"total":0.0115883,"children":null},"InitializeSensors":{"count":1282,"self":0.0175676,"total":0.0175676,"children":null},"AgentSendState":{"count":2909208,"self":17.328384,"total":202.43890879999998,"children":{"CollectObservations":{"count":2806275,"self":125.5554944,"total":125.55549359999999,"children":null},"WriteActionMask":{"count":2806275,"self":3.379578,"total":3.379578,"children":null},"RequestDecision":{"count":2806275,"self":15.575227199999999,"total":56.1754539,"children":{"AgentInfo.ToProto":{"count":2806275,"self":13.4076928,"total":40.600226,"children":{"GenerateSensorData":{"count":2806275,"self":27.1925344,"total":27.192533599999997,"children":null}}}}}}},"DecideAction":{"count":2909208,"self":19596.7238144,"total":19596.7230223,"children":null},"AgentAct":{"count":2909208,"self":65.2386368,"total":65.2386398,"children":null},"AgentInfo.ToProto":{"count":1891,"self":0.011652299999999999,"total":0.0251837,"children":{"GenerateSensorData":{"count":1891,"self":0.013531399999999999,"total":0.013531399999999999,"children":null}}}},"gauges":{"MarioAgent.CumulativeReward":{"count":1207,"max":1196.02722,"min":-35.361187,"runningAverage":297.401062,"value":1194.30884,"weightedAverage":513.448364}},"metadata":{"timer_format_version":"0.1.0","start_time_seconds":"1764511221","unity_version":"2022.3.43f1","command_line_arguments":"C:\\Program Files\\Unity\\Hub\\Editor\\2022.3.43f1\\Editor\\Unity.exe -openfile C:\\Users\\ArthurPrediger\\Documents\\Unity Projects\\UnitySuperMarioBros_ML_Agent\\Assets\\Scenes\\1-2.unity","communication_protocol_version":"1.5.0","com.unity.ml-agents_version":"2.0.2","scene_name":"1-2","end_time_seconds":"1764571014"}}