{"count":1,"self":11446.8503552,"total":16814.7643229,"children":{"InitializeActuators":{"count":524,"self":0.0055090999999999994,"total":0.0055090999999999994,"children":null},"InitializeSensors":{"count":524,"self":0.0050072,"total":0.0050072,"children":null},"AgentSendState":{"count":818601,"self":4.4387076,"total":59.869159599999996,"children":{"CollectObservations":{"count":762178,"self":38.6592512,"total":38.6592528,"children":null},"WriteActionMask":{"count":762178,"self":0.76907739999999991,"total":0.76907739999999991,"children":null},"RequestDecision":{"count":762178,"self":4.4420572,"total":16.002121799999998,"children":{"AgentInfo.ToProto":{"count":762178,"self":3.8827559999999997,"total":11.5600647,"children":{"GenerateSensorData":{"count":762178,"self":7.6773088,"total":7.6773085,"children":null}}}}}}},"DecideAction":{"count":818601,"self":5302.4641023999993,"total":5302.4642851,"children":null},"AgentAct":{"count":818601,"self":5.5623888,"total":5.5623889,"children":null},"AgentInfo.ToProto":{"count":665,"self":0.0010004,"total":0.0078014999999999994,"children":{"GenerateSensorData":{"count":665,"self":0.0068011,"total":0.0068011,"children":null}}}},"gauges":{"MarioAgent.CumulativeReward":{"count":479,"max":1199.69324,"min":-2.13,"runningAverage":180.63356,"value":56.17485,"weightedAverage":105.4806}},"metadata":{"timer_format_version":"0.1.0","start_time_seconds":"1763608802","unity_version":"2022.3.43f1","command_line_arguments":"C:\\Program Files\\Unity\\Hub\\Editor\\2022.3.43f1\\Editor\\Unity.exe -openfile C:\\Users\\ArthurPrediger\\Documents\\Unity Projects\\UnitySuperMarioBros_ML_Agent\\Assets\\Scenes\\1-2.unity","communication_protocol_version":"1.5.0","com.unity.ml-agents_version":"2.0.2","scene_name":"1-2","end_time_seconds":"1763625616"}}