{"count":1,"self":11334.169395199999,"total":17020.7459328,"children":{"InitializeActuators":{"count":416,"self":0.0085761,"total":0.0085761,"children":null},"InitializeSensors":{"count":416,"self":0.0045114,"total":0.0045114,"children":null},"AgentSendState":{"count":824907,"self":4.945524,"total":61.065486899999996,"children":{"CollectObservations":{"count":793826,"self":39.3996736,"total":39.3996734,"children":null},"WriteActionMask":{"count":793826,"self":1.0060073999999999,"total":1.0060073999999999,"children":null},"RequestDecision":{"count":793826,"self":4.2823264,"total":15.7142821,"children":{"AgentInfo.ToProto":{"count":793826,"self":3.8250707999999998,"total":11.4319559,"children":{"GenerateSensorData":{"count":793826,"self":7.6068848,"total":7.6068852,"children":null}}}}}}},"DecideAction":{"count":824907,"self":5609.8312191999994,"total":5609.8312412,"children":null},"AgentAct":{"count":824907,"self":15.655011199999999,"total":15.6550116,"children":null},"AgentInfo.ToProto":{"count":624,"self":0.0025047999999999997,"total":0.0110368,"children":{"GenerateSensorData":{"count":624,"self":0.008532,"total":0.008532,"children":null}}}},"gauges":{"MarioAgent.CumulativeReward":{"count":398,"max":1194.62317,"min":-28.591444,"runningAverage":202.301727,"value":147.51535,"weightedAverage":105.4016}},"metadata":{"timer_format_version":"0.1.0","start_time_seconds":"1764451863","unity_version":"2022.3.43f1","command_line_arguments":"C:\\Program Files\\Unity\\Hub\\Editor\\2022.3.43f1\\Editor\\Unity.exe -openfile C:\\Users\\ArthurPrediger\\Documents\\Unity Projects\\UnitySuperMarioBros_ML_Agent\\Assets\\Scenes\\1-2.unity","communication_protocol_version":"1.5.0","com.unity.ml-agents_version":"2.0.2","scene_name":"1-2","end_time_seconds":"1764468884"}}