{"count":1,"self":36563.166822399995,"total":53043.271443699996,"children":{"InitializeActuators":{"count":1653,"self":0.015575299999999999,"total":0.015575299999999999,"children":null},"InitializeSensors":{"count":1653,"self":0.0164125,"total":0.0164125,"children":null},"AgentSendState":{"count":2579593,"self":13.896056,"total":167.0791664,"children":{"CollectObservations":{"count":2362954,"self":106.0997888,"total":106.0997912,"children":null},"WriteActionMask":{"count":2362954,"self":2.7551525999999997,"total":2.7551525999999997,"children":null},"RequestDecision":{"count":2362954,"self":11.5469472,"total":44.328166499999995,"children":{"AgentInfo.ToProto":{"count":2362954,"self":10.1652832,"total":32.7812191,"children":{"GenerateSensorData":{"count":2362954,"self":22.615935999999998,"total":22.6159362,"children":null}}}}}}},"DecideAction":{"count":2579593,"self":16221.3249024,"total":16221.325452699999,"children":null},"AgentAct":{"count":2579593,"self":91.6408704,"total":91.6408696,"children":null},"AgentInfo.ToProto":{"count":2025,"self":0.0055344,"total":0.0259916,"children":{"GenerateSensorData":{"count":2025,"self":0.0204572,"total":0.0204572,"children":null}}}},"gauges":{"MarioAgent.CumulativeReward":{"count":1567,"max":1195.38,"min":-26.92926,"runningAverage":771.4699,"value":1192.653,"weightedAverage":1180.35522}},"metadata":{"timer_format_version":"0.1.0","start_time_seconds":"1764689405","unity_version":"2022.3.43f1","command_line_arguments":"C:\\Program Files\\Unity\\Hub\\Editor\\2022.3.43f1\\Editor\\Unity.exe -openfile C:\\Users\\ArthurPrediger\\Documents\\Unity Projects\\UnitySuperMarioBros_ML_Agent\\Assets\\Scenes\\1-2.unity","communication_protocol_version":"1.5.0","com.unity.ml-agents_version":"2.0.2","scene_name":"1-2","end_time_seconds":"1764742448"}}