{"count":1,"self":19498.4083456,"total":29046.7115939,"children":{"InitializeActuators":{"count":733,"self":0.012109199999999999,"total":0.012109199999999999,"children":null},"InitializeSensors":{"count":733,"self":0.0055039999999999993,"total":0.0055039999999999993,"children":null},"AgentSendState":{"count":1411779,"self":9.6218184,"total":113.9566287,"children":{"CollectObservations":{"count":1332147,"self":71.009056,"total":71.0090567,"children":null},"WriteActionMask":{"count":1332147,"self":1.70976,"total":1.7097601,"children":null},"RequestDecision":{"count":1332147,"self":8.5566168,"total":31.6159935,"children":{"AgentInfo.ToProto":{"count":1332147,"self":7.7645007999999995,"total":23.0593768,"children":{"GenerateSensorData":{"count":1332147,"self":15.2948752,"total":15.2948756,"children":null}}}}}}},"DecideAction":{"count":1411779,"self":9388.972441599999,"total":9388.972794199999,"children":null},"AgentAct":{"count":1411779,"self":45.342352,"total":45.342352999999996,"children":null},"AgentInfo.ToProto":{"count":964,"self":0.006547,"total":0.0135716,"children":{"GenerateSensorData":{"count":964,"self":0.0070246,"total":0.0070246,"children":null}}}},"gauges":{"MarioAgent.CumulativeReward":{"count":714,"max":1202.17944,"min":9.848983,"runningAverage":532.8976,"value":151.756271,"weightedAverage":284.042}},"metadata":{"timer_format_version":"0.1.0","start_time_seconds":"1764163272","unity_version":"2022.3.43f1","command_line_arguments":"C:\\Program Files\\Unity\\Hub\\Editor\\2022.3.43f1\\Editor\\Unity.exe -openfile C:\\Users\\ArthurPrediger\\Documents\\Unity Projects\\UnitySuperMarioBros_ML_Agent\\Assets\\Scenes\\1-2.unity","communication_protocol_version":"1.5.0","com.unity.ml-agents_version":"2.0.2","scene_name":"1-2","end_time_seconds":"1764192318"}}