{"count":1,"self":15312.378265599998,"total":22727.8977362,"children":{"InitializeActuators":{"count":693,"self":0.013871999999999999,"total":0.013871999999999999,"children":null},"InitializeSensors":{"count":693,"self":0.0060263999999999995,"total":0.0060263999999999995,"children":null},"AgentSendState":{"count":1102365,"self":8.1943463999999988,"total":95.990429999999989,"children":{"CollectObservations":{"count":1046966,"self":59.0715648,"total":59.071563499999996,"children":null},"WriteActionMask":{"count":1046966,"self":1.4116577,"total":1.4116577,"children":null},"RequestDecision":{"count":1046966,"self":7.1181776,"total":27.3128627,"children":{"AgentInfo.ToProto":{"count":1046966,"self":6.5830288,"total":20.194685399999997,"children":{"GenerateSensorData":{"count":1046966,"self":13.611656,"total":13.611656499999999,"children":null}}}}}}},"DecideAction":{"count":1102365,"self":7295.6608511999993,"total":7295.6607506,"children":null},"AgentAct":{"count":1102365,"self":23.835548799999998,"total":23.8355483,"children":null},"AgentInfo.ToProto":{"count":1006,"self":0.0035697,"total":0.012207299999999999,"children":{"GenerateSensorData":{"count":1006,"self":0.0086375999999999988,"total":0.0086375999999999988,"children":null}}}},"gauges":{"MarioAgent.CumulativeReward":{"count":626,"max":1193.96875,"min":-24.4560966,"runningAverage":102.484245,"value":1010.85284,"weightedAverage":292.7726}},"metadata":{"timer_format_version":"0.1.0","start_time_seconds":"1764288424","unity_version":"2022.3.43f1","command_line_arguments":"C:\\Program Files\\Unity\\Hub\\Editor\\2022.3.43f1\\Editor\\Unity.exe -openfile C:\\Users\\ArthurPrediger\\Documents\\Unity Projects\\UnitySuperMarioBros_ML_Agent\\Assets\\Scenes\\1-2.unity","communication_protocol_version":"1.5.0","com.unity.ml-agents_version":"2.0.2","scene_name":"1-2","end_time_seconds":"1764311152"}}