{"count":1,"self":32640.4112384,"total":48281.2719413,"children":{"InitializeActuators":{"count":1419,"self":0.014568399999999999,"total":0.014568399999999999,"children":null},"InitializeSensors":{"count":1419,"self":0.0050158999999999994,"total":0.0050158999999999994,"children":null},"AgentSendState":{"count":2351789,"self":13.6279264,"total":160.1048477,"children":{"CollectObservations":{"count":2210512,"self":100.6395264,"total":100.6395283,"children":null},"WriteActionMask":{"count":2210512,"self":2.4640028,"total":2.4640028,"children":null},"RequestDecision":{"count":2210512,"self":11.7577536,"total":43.3733904,"children":{"AgentInfo.ToProto":{"count":2210512,"self":10.5633696,"total":31.615637099999997,"children":{"GenerateSensorData":{"count":2210512,"self":21.0522672,"total":21.0522676,"children":null}}}}}}},"DecideAction":{"count":2351789,"self":15402.8310528,"total":15402.8318303,"children":null},"AgentAct":{"count":2351789,"self":77.881087999999991,"total":77.8810903,"children":null},"AgentInfo.ToProto":{"count":1922,"self":0.0053349999999999995,"total":0.0230106,"children":{"GenerateSensorData":{"count":1922,"self":0.0176756,"total":0.0176756,"children":null}}}},"gauges":{"MarioAgent.CumulativeReward":{"count":1283,"max":1195.354,"min":-27.0772915,"runningAverage":436.560364,"value":34.6341,"weightedAverage":538.273865}},"metadata":{"timer_format_version":"0.1.0","start_time_seconds":"1764597655","unity_version":"2022.3.43f1","command_line_arguments":"C:\\Program Files\\Unity\\Hub\\Editor\\2022.3.43f1\\Editor\\Unity.exe -openfile C:\\Users\\ArthurPrediger\\Documents\\Unity Projects\\UnitySuperMarioBros_ML_Agent\\Assets\\Scenes\\1-2.unity","communication_protocol_version":"1.5.0","com.unity.ml-agents_version":"2.0.2","scene_name":"1-2","end_time_seconds":"1764645936"}}