{
    "name": "root",
    "gauges": {
        "MarioAgent.Policy.Entropy.mean": {
            "value": 1.785090446472168,
            "min": 1.7558962106704712,
            "max": 2.3322832584381104,
            "count": 39
        },
        "MarioAgent.Policy.Entropy.sum": {
            "value": 35721.4453125,
            "min": 8846.38671875,
            "max": 46720.296875,
            "count": 39
        },
        "MarioAgent.Environment.EpisodeLength.mean": {
            "value": 636.1666666666666,
            "min": 443.3,
            "max": 22578.5,
            "count": 29
        },
        "MarioAgent.Environment.EpisodeLength.sum": {
            "value": 19085.0,
            "min": 580.0,
            "max": 59618.0,
            "count": 29
        },
        "MarioAgent.Step.mean": {
            "value": 5199996.0,
            "min": 4439980.0,
            "max": 5199996.0,
            "count": 39
        },
        "MarioAgent.Step.sum": {
            "value": 5199996.0,
            "min": 4439980.0,
            "max": 5199996.0,
            "count": 39
        },
        "MarioAgent.Policy.ExtrinsicValueEstimate.mean": {
            "value": 33.74539566040039,
            "min": 4.148566722869873,
            "max": 60.441097259521484,
            "count": 39
        },
        "MarioAgent.Policy.ExtrinsicValueEstimate.sum": {
            "value": 11135.98046875,
            "min": 862.0010375976562,
            "max": 19462.033203125,
            "count": 39
        },
        "MarioAgent.Environment.CumulativeReward.mean": {
            "value": 120.0961622742936,
            "min": -0.07950283493846655,
            "max": 329.3033152112835,
            "count": 29
        },
        "MarioAgent.Environment.CumulativeReward.sum": {
            "value": 3602.884868228808,
            "min": -0.1590056698769331,
            "max": 6256.762989014387,
            "count": 29
        },
        "MarioAgent.Policy.ExtrinsicReward.mean": {
            "value": 120.0961622742936,
            "min": -0.07950283493846655,
            "max": 329.3033152112835,
            "count": 29
        },
        "MarioAgent.Policy.ExtrinsicReward.sum": {
            "value": 3602.884868228808,
            "min": -0.1590056698769331,
            "max": 6256.762989014387,
            "count": 29
        },
        "MarioAgent.IsTraining.mean": {
            "value": 1.0,
            "min": 1.0,
            "max": 1.0,
            "count": 39
        },
        "MarioAgent.IsTraining.sum": {
            "value": 1.0,
            "min": 1.0,
            "max": 1.0,
            "count": 39
        },
        "MarioAgent.Losses.PolicyLoss.mean": {
            "value": 0.07246182842994206,
            "min": 0.06190051172039435,
            "max": 0.07433979398041926,
            "count": 38
        },
        "MarioAgent.Losses.PolicyLoss.sum": {
            "value": 0.14492365685988412,
            "min": 0.06190051172039435,
            "max": 0.14867958796083852,
            "count": 38
        },
        "MarioAgent.Losses.ValueLoss.mean": {
            "value": 45.3755956918108,
            "min": 0.051804028857657884,
            "max": 57.7183828994792,
            "count": 38
        },
        "MarioAgent.Losses.ValueLoss.sum": {
            "value": 90.7511913836216,
            "min": 0.10360805771531577,
            "max": 115.4367657989584,
            "count": 38
        },
        "MarioAgent.Policy.LearningRate.mean": {
            "value": 0.00020273481054674063,
            "min": 0.00020273481054674063,
            "max": 0.00021649682783440004,
            "count": 38
        },
        "MarioAgent.Policy.LearningRate.sum": {
            "value": 0.00040546962109348127,
            "min": 0.0002030727698090875,
            "max": 0.0004329936556688001,
            "count": 38
        },
        "MarioAgent.Policy.Epsilon.mean": {
            "value": 0.167578259375,
            "min": 0.167578259375,
            "max": 0.17216559999999997,
            "count": 38
        },
        "MarioAgent.Policy.Epsilon.sum": {
            "value": 0.33515651875,
            "min": 0.1676909125,
            "max": 0.34433119999999995,
            "count": 38
        },
        "MarioAgent.Policy.Beta.mean": {
            "value": 0.0033821551428125,
            "min": 0.0033821551428125,
            "max": 0.003611063440000001,
            "count": 38
        },
        "MarioAgent.Policy.Beta.sum": {
            "value": 0.006764310285625,
            "min": 0.0033877765337500007,
            "max": 0.007222126880000002,
            "count": 38
        }
    },
    "metadata": {
        "timer_format_version": "0.1.0",
        "start_time_seconds": "1764469071",
        "python_version": "3.10.11 (tags/v3.10.11:7d4cc5a, Apr  5 2023, 00:38:17) [MSC v.1929 64 bit (AMD64)]",
        "command_line_arguments": "C:\\Users\\ArthurPrediger\\AppData\\Local\\Programs\\Python\\Python310\\Scripts\\mlagents-learn Assets/ML-Config/platformer.yaml --run-id=mario1 --resume --time-scale=1",
        "mlagents_version": "1.1.0",
        "mlagents_envs_version": "1.1.0",
        "communication_protocol_version": "1.5.0",
        "pytorch_version": "2.2.2+cu121",
        "numpy_version": "1.23.5",
        "end_time_seconds": "1764485403"
    },
    "total": 16332.232714600046,
    "count": 1,
    "self": 0.005273499991744757,
    "children": {
        "run_training.setup": {
            "total": 0.14838000002782792,
            "count": 1,
            "self": 0.14838000002782792
        },
        "TrainerController.start_learning": {
            "total": 16332.079061100027,
            "count": 1,
            "self": 11.667362474254332,
            "children": {
                "TrainerController._reset_env": {
                    "total": 20.129283900023438,
                    "count": 1,
                    "self": 20.129283900023438
                },
                "TrainerController.advance": {
                    "total": 16300.148090125644,
                    "count": 768886,
                    "self": 9.982468152069487,
                    "children": {
                        "env_step": {
                            "total": 15903.075038235052,
                            "count": 768886,
                            "self": 12568.163056211313,
                            "children": {
                                "SubprocessEnvManager._take_step": {
                                    "total": 3326.225353307207,
                                    "count": 768886,
                                    "self": 31.559953132178634,
                                    "children": {
                                        "TorchPolicy.evaluate": {
                                            "total": 3294.6654001750285,
                                            "count": 768886,
                                            "self": 3294.6654001750285
                                        }
                                    }
                                },
                                "workers": {
                                    "total": 8.686628716532141,
                                    "count": 768885,
                                    "self": 0.0,
                                    "children": {
                                        "worker_root": {
                                            "total": 16292.614411791437,
                                            "count": 768885,
                                            "is_parallel": true,
                                            "self": 4391.729182306095,