{
    "name": "root",
    "gauges": {
        "MarioAgent.Policy.Entropy.mean": {
            "value": 2.2341842651367188,
            "min": 1.5960123538970947,
            "max": 2.3260068893432617,
            "count": 8
        },
        "MarioAgent.Policy.Entropy.sum": {
            "value": 44616.66015625,
            "min": 4185.8173828125,
            "max": 46445.70703125,
            "count": 8
        },
        "MarioAgent.Environment.EpisodeLength.mean": {
            "value": 7807.333333333333,
            "min": 267.5,
            "max": 7807.333333333333,
            "count": 7
        },
        "MarioAgent.Environment.EpisodeLength.sum": {
            "value": 46844.0,
            "min": 535.0,
            "max": 46844.0,
            "count": 7
        },
        "MarioAgent.Step.mean": {
            "value": 2219937.0,
            "min": 2079994.0,
            "max": 2219937.0,
            "count": 8
        },
        "MarioAgent.Step.sum": {
            "value": 2219937.0,
            "min": 2079994.0,
            "max": 2219937.0,
            "count": 8
        },
        "MarioAgent.Policy.ExtrinsicValueEstimate.mean": {
            "value": 14.392491340637207,
            "min": 14.392491340637207,
            "max": 48.9674072265625,
            "count": 8
        },
        "MarioAgent.Policy.ExtrinsicValueEstimate.sum": {
            "value": 4533.634765625,
            "min": 1387.5880126953125,
            "max": 15326.798828125,
            "count": 8
        },
        "MarioAgent.Environment.CumulativeReward.mean": {
            "value": 46.808329734019935,
            "min": 27.73149796674261,
            "max": 325.59699970763177,
            "count": 7
        },
        "MarioAgent.Environment.CumulativeReward.sum": {
            "value": 280.8499784041196,
            "min": 55.46299593348522,
            "max": 4970.237912528217,
            "count": 7
        },
        "MarioAgent.Policy.ExtrinsicReward.mean": {
            "value": 46.808329734019935,
            "min": 27.73149796674261,
            "max": 325.59699970763177,
            "count": 7
        },
        "MarioAgent.Policy.ExtrinsicReward.sum": {
            "value": 280.8499784041196,
            "min": 55.46299593348522,
            "max": 4970.237912528217,
            "count": 7
        },
        "MarioAgent.IsTraining.mean": {
            "value": 1.0,
            "min": 1.0,
            "max": 1.0,
            "count": 8
        },
        "MarioAgent.IsTraining.sum": {
            "value": 1.0,
            "min": 1.0,
            "max": 1.0,
            "count": 8
        },
        "MarioAgent.Losses.PolicyLoss.mean": {
            "value": 0.07351890136198808,
            "min": 0.0610189311885843,
            "max": 0.07351890136198808,
            "count": 7
        },
        "MarioAgent.Losses.PolicyLoss.sum": {
            "value": 0.07351890136198808,
            "min": 0.0610189311885843,
            "max": 0.14212184501410396,
            "count": 7
        },
        "MarioAgent.Losses.ValueLoss.mean": {
            "value": 0.26395323708759133,
            "min": 0.26395323708759133,
            "max": 104.87946887321934,
            "count": 7
        },
        "MarioAgent.Losses.ValueLoss.sum": {
            "value": 0.26395323708759133,
            "min": 0.26395323708759133,
            "max": 209.75893774643868,
            "count": 7
        },
        "MarioAgent.Policy.LearningRate.mean": {
            "value": 0.00016737226420926,
            "min": 0.00016737226420926,
            "max": 0.00017458984180339997,
            "count": 7
        },
        "MarioAgent.Policy.LearningRate.sum": {
            "value": 0.00016737226420926,
            "min": 0.00016737226420926,
            "max": 0.00034701056432984,
            "count": 7
        },
        "MarioAgent.Policy.Epsilon.mean": {
            "value": 0.15579074000000004,
            "min": 0.15579074000000004,
            "max": 0.15819660000000002,
            "count": 7
        },
        "MarioAgent.Policy.Epsilon.sum": {
            "value": 0.15579074000000004,
            "min": 0.15579074000000004,
            "max": 0.31567016000000003,
            "count": 7
        },
        "MarioAgent.Policy.Beta.mean": {
            "value": 0.0027939579259999995,
            "min": 0.0027939579259999995,
            "max": 0.0029140103400000002,
            "count": 7
        },
        "MarioAgent.Policy.Beta.sum": {
            "value": 0.0027939579259999995,
            "min": 0.0027939579259999995,
            "max": 0.005791940984000001,
            "count": 7
        }
    },
    "metadata": {
        "timer_format_version": "0.1.0",
        "start_time_seconds": "1763605333",
        "python_version": "3.10.11 (tags/v3.10.11:7d4cc5a, Apr  5 2023, 00:38:17) [MSC v.1929 64 bit (AMD64)]",
        "command_line_arguments": "C:\\Users\\ArthurPrediger\\AppData\\Local\\Programs\\Python\\Python310\\Scripts\\mlagents-learn Assets/ML-Config/platformer.yaml --run-id=mario1 --time-scale=1 --resume",
        "mlagents_version": "1.1.0",
        "mlagents_envs_version": "1.1.0",
        "communication_protocol_version": "1.5.0",
        "pytorch_version": "2.2.2+cu121",
        "numpy_version": "1.23.5",
        "end_time_seconds": "1763608564"
    },
    "total": 3231.3696932999883,
    "count": 1,
    "self": 0.008108299982268363,
    "children": {
        "run_training.setup": {
            "total": 0.1400619000196457,
            "count": 1,
            "self": 0.1400619000196457
        },
        "TrainerController.start_learning": {
            "total": 3231.2215230999864,
            "count": 1,
            "self": 2.2396470019884873,
            "children": {
                "TrainerController._reset_env": {
                    "total": 10.142773400002625,
                    "count": 1,
                    "self": 10.142773400002625
                },
                "TrainerController.advance": {
                    "total": 3218.716125497973,
                    "count": 144609,
                    "self": 1.894733499182621,
                    "children": {
                        "env_step": {
                            "total": 3142.7629813998064,
                            "count": 144609,
                            "self": 2517.869139998249,
                            "children": {
                                "SubprocessEnvManager._take_step": {
                                    "total": 623.2194492016861,
                                    "count": 144609,
                                    "self": 6.052428202558076,
                                    "children": {
                                        "TorchPolicy.evaluate": {
                                            "total": 617.167020999128,
                                            "count": 144609,
                                            "self": 617.167020999128
                                        }
                                    }
                                },
                                "workers": {
                                    "total": 1.6743921998713631,
                                    "count": 144608,
                                    "self": 0.0,
                                    "children": {
                                        "worker_root": {
                                            "total": 3155.706247394497,
                                            "count": 144608,
                                            "is_parallel": true,
                                            "self": 818.4867860903614,