{
    "name": "root",
    "gauges": {
        "MarioAgent.Policy.Entropy.mean": {
            "value": 1.5128207206726074,
            "min": 1.3463197946548462,
            "max": 2.3284692764282227,
            "count": 111
        },
        "MarioAgent.Policy.Entropy.sum": {
            "value": 30223.1328125,
            "min": 18189.77734375,
            "max": 46494.875,
            "count": 111
        },
        "MarioAgent.Environment.EpisodeLength.mean": {
            "value": 725.5384615384615,
            "min": 341.6666666666667,
            "max": 22300.0,
            "count": 91
        },
        "MarioAgent.Environment.EpisodeLength.sum": {
            "value": 18864.0,
            "min": 1025.0,
            "max": 63978.0,
            "count": 91
        },
        "MarioAgent.Step.mean": {
            "value": 10219947.0,
            "min": 8019941.0,
            "max": 10219947.0,
            "count": 111
        },
        "MarioAgent.Step.sum": {
            "value": 10219947.0,
            "min": 8019941.0,
            "max": 10219947.0,
            "count": 111
        },
        "MarioAgent.Policy.ExtrinsicValueEstimate.mean": {
            "value": 100.79373168945312,
            "min": -6.013038635253906,
            "max": 114.49311065673828,
            "count": 111
        },
        "MarioAgent.Policy.ExtrinsicValueEstimate.sum": {
            "value": 32959.55078125,
            "min": -1882.0810546875,
            "max": 37897.21875,
            "count": 111
        },
        "MarioAgent.Environment.CumulativeReward.mean": {
            "value": 387.85038510043745,
            "min": -13.57700169365853,
            "max": 814.7116874128891,
            "count": 91
        },
        "MarioAgent.Environment.CumulativeReward.sum": {
            "value": 10084.110012611374,
            "min": -27.15400338731706,
            "max": 11437.73409739323,
            "count": 91
        },
        "MarioAgent.Policy.ExtrinsicReward.mean": {
            "value": 387.85038510043745,
            "min": -13.57700169365853,
            "max": 814.7116874128891,
            "count": 91
        },
        "MarioAgent.Policy.ExtrinsicReward.sum": {
            "value": 10084.110012611374,
            "min": -27.15400338731706,
            "max": 11437.73409739323,
            "count": 91
        },
        "MarioAgent.IsTraining.mean": {
            "value": 1.0,
            "min": 1.0,
            "max": 1.0,
            "count": 111
        },
        "MarioAgent.IsTraining.sum": {
            "value": 1.0,
            "min": 1.0,
            "max": 1.0,
            "count": 111
        },
        "MarioAgent.Losses.PolicyLoss.mean": {
            "value": 0.06939281990938764,
            "min": 0.06249657691795714,
            "max": 0.07815161030544489,
            "count": 110
        },
        "MarioAgent.Losses.PolicyLoss.sum": {
            "value": 0.13878563981877529,
            "min": 0.06249657691795714,
            "max": 0.1460794509212645,
            "count": 110
        },
        "MarioAgent.Losses.ValueLoss.mean": {
            "value": 34.54023198500329,
            "min": 0.010338480549646503,
            "max": 114.68294051183877,
            "count": 110
        },
        "MarioAgent.Losses.ValueLoss.sum": {
            "value": 69.08046397000658,
            "min": 0.010338480549646503,
            "max": 196.51955860575467,
            "count": 110
        },
        "MarioAgent.Policy.LearningRate.mean": {
            "value": 0.000108630738789775,
            "min": 0.000108630738789775,
            "max": 0.00014946370642878124,
            "count": 110
        },
        "MarioAgent.Policy.LearningRate.sum": {
            "value": 0.00021726147757955,
            "min": 0.00010896898867702499,
            "max": 0.0002989274128575625,
            "count": 110
        },
        "MarioAgent.Policy.Epsilon.mean": {
            "value": 0.13621022500000002,
            "min": 0.13621022500000002,
            "max": 0.14982121875000004,
            "count": 110
        },
        "MarioAgent.Policy.Epsilon.sum": {
            "value": 0.27242045000000004,
            "min": 0.136322975,
            "max": 0.2996424375000001,
            "count": 110
        },
        "MarioAgent.Policy.Beta.mean": {
            "value": 0.0018168902275000004,
            "min": 0.0018168902275000004,
            "max": 0.0024960788156250004,
            "count": 110
        },
        "MarioAgent.Policy.Beta.sum": {
            "value": 0.003633780455000001,
            "min": 0.001822516452500001,
            "max": 0.004992157631250001,
            "count": 110
        }
    },
    "metadata": {
        "timer_format_version": "0.1.0",
        "start_time_seconds": "1764597637",
        "python_version": "3.10.11 (tags/v3.10.11:7d4cc5a, Apr  5 2023, 00:38:17) [MSC v.1929 64 bit (AMD64)]",
        "command_line_arguments": "C:\\Users\\ArthurPrediger\\AppData\\Local\\Programs\\Python\\Python310\\Scripts\\mlagents-learn Assets/ML-Config/platformer.yaml --run-id=mario1 --resume --time-scale=1",
        "mlagents_version": "1.1.0",
        "mlagents_envs_version": "1.1.0",
        "communication_protocol_version": "1.5.0",
        "pytorch_version": "2.2.2+cu121",
        "numpy_version": "1.23.5",
        "end_time_seconds": "1764645929"
    },
    "total": 48291.93354170001,
    "count": 1,
    "self": 0.005334800109267235,
    "children": {
        "run_training.setup": {
            "total": 0.14914479991421103,
            "count": 1,
            "self": 0.14914479991421103
        },
        "TrainerController.start_learning": {
            "total": 48291.77906209999,
            "count": 1,
            "self": 32.97712431149557,
            "children": {
                "TrainerController._reset_env": {
                    "total": 18.930536299943924,
                    "count": 1,
                    "self": 18.930536299943924
                },
                "TrainerController.advance": {
                    "total": 48239.74334028852,
                    "count": 2210511,
                    "self": 29.186306500341743,
                    "children": {
                        "env_step": {
                            "total": 47099.63250964112,
                            "count": 2210511,
                            "self": 37552.06873427075,
                            "children": {
                                "SubprocessEnvManager._take_step": {
                                    "total": 9522.151934829773,
                                    "count": 2210511,
                                    "self": 87.40557765867561,
                                    "children": {
                                        "TorchPolicy.evaluate": {
                                            "total": 9434.746357171098,
                                            "count": 2210511,
                                            "self": 9434.746357171098
                                        }
                                    }
                                },
                                "workers": {
                                    "total": 25.411840540589765,
                                    "count": 2210510,
                                    "self": 0.0,
                                    "children": {
                                        "worker_root": {
                                            "total": 48224.0981903302,
                                            "count": 2210510,
                                            "is_parallel": true,
                                            "self": 12582.197615680285,