{
    "name": "root",
    "gauges": {
        "MarioAgent.Policy.Entropy.mean": {
            "value": 2.0933163166046143,
            "min": 1.481095314025879,
            "max": 2.4063618183135986,
            "count": 53
        },
        "MarioAgent.Policy.Entropy.sum": {
            "value": 41943.78125,
            "min": 13781.1630859375,
            "max": 48204.2421875,
            "count": 53
        },
        "MarioAgent.Environment.EpisodeLength.mean": {
            "value": 506.20512820512823,
            "min": 0.0,
            "max": 22393.5,
            "count": 45
        },
        "MarioAgent.Environment.EpisodeLength.sum": {
            "value": 19742.0,
            "min": 0.0,
            "max": 58671.0,
            "count": 45
        },
        "MarioAgent.Step.mean": {
            "value": 1099979.0,
            "min": 59946.0,
            "max": 1099979.0,
            "count": 53
        },
        "MarioAgent.Step.sum": {
            "value": 1099979.0,
            "min": 59946.0,
            "max": 1099979.0,
            "count": 53
        },
        "MarioAgent.Policy.ExtrinsicValueEstimate.mean": {
            "value": 9.141488075256348,
            "min": -0.41789764165878296,
            "max": 46.57884216308594,
            "count": 53
        },
        "MarioAgent.Policy.ExtrinsicValueEstimate.sum": {
            "value": 3071.5400390625,
            "min": -130.38406372070312,
            "max": 14579.177734375,
            "count": 53
        },
        "MarioAgent.Environment.CumulativeReward.mean": {
            "value": 33.09792001901242,
            "min": -11.903501712717116,
            "max": 186.17726466942113,
            "count": 45
        },
        "MarioAgent.Environment.CumulativeReward.sum": {
            "value": 1290.8188807414845,
            "min": -23.80700342543423,
            "max": 4327.469964491203,
            "count": 45
        },
        "MarioAgent.Policy.ExtrinsicReward.mean": {
            "value": 33.09792001901242,
            "min": -11.903501712717116,
            "max": 186.17726466942113,
            "count": 45
        },
        "MarioAgent.Policy.ExtrinsicReward.sum": {
            "value": 1290.8188807414845,
            "min": -23.80700342543423,
            "max": 4327.469964491203,
            "count": 45
        },
        "MarioAgent.IsTraining.mean": {
            "value": 1.0,
            "min": 1.0,
            "max": 1.0,
            "count": 53
        },
        "MarioAgent.IsTraining.sum": {
            "value": 1.0,
            "min": 1.0,
            "max": 1.0,
            "count": 53
        },
        "MarioAgent.Losses.PolicyLoss.mean": {
            "value": 0.06991337722292133,
            "min": 0.05500967957115504,
            "max": 0.07749693989432434,
            "count": 52
        },
        "MarioAgent.Losses.PolicyLoss.sum": {
            "value": 0.06991337722292133,
            "min": 0.06258128656314667,
            "max": 0.1493730967790122,
            "count": 52
        },
        "MarioAgent.Losses.ValueLoss.mean": {
            "value": 3.186455415141198,
            "min": 0.0002275514045374382,
            "max": 487.7568084126359,
            "count": 52
        },
        "MarioAgent.Losses.ValueLoss.sum": {
            "value": 3.186455415141198,
            "min": 0.0002275514045374382,
            "max": 975.5136168252718,
            "count": 52
        },
        "MarioAgent.Policy.LearningRate.mean": {
            "value": 0.0002795825130558313,
            "min": 0.0002795825130558313,
            "max": 0.0002986444129518624,
            "count": 52
        },
        "MarioAgent.Policy.LearningRate.sum": {
            "value": 0.0002795825130558313,
            "min": 0.0002795825130558313,
            "max": 0.0005972888259037248,
            "count": 52
        },
        "MarioAgent.Policy.Epsilon.mean": {
            "value": 0.19319416875000006,
            "min": 0.19319416875000006,
            "max": 0.1995481375,
            "count": 52
        },
        "MarioAgent.Policy.Epsilon.sum": {
            "value": 0.19319416875000006,
            "min": 0.19319416875000006,
            "max": 0.399096275,
            "count": 52
        },
        "MarioAgent.Policy.Beta.mean": {
            "value": 0.004660389020625,
            "min": 0.004660389020625,
            "max": 0.004977452061250002,
            "count": 52
        },
        "MarioAgent.Policy.Beta.sum": {
            "value": 0.004660389020625,
            "min": 0.004660389020625,
            "max": 0.009954904122500004,
            "count": 52
        }
    },
    "metadata": {
        "timer_format_version": "0.1.0",
        "start_time_seconds": "1764288416",
        "python_version": "3.10.11 (tags/v3.10.11:7d4cc5a, Apr  5 2023, 00:38:17) [MSC v.1929 64 bit (AMD64)]",
        "command_line_arguments": "C:\\Users\\ArthurPrediger\\AppData\\Local\\Programs\\Python\\Python310\\Scripts\\mlagents-learn Assets/ML-Config/platformer.yaml --run-id=mario1 --resume --time-scale=1",
        "mlagents_version": "1.1.0",
        "mlagents_envs_version": "1.1.0",
        "communication_protocol_version": "1.5.0",
        "pytorch_version": "2.2.2+cu121",
        "numpy_version": "1.23.5",
        "end_time_seconds": "1764311141"
    },
    "total": 22725.23002889997,
    "count": 1,
    "self": 0.005512900068424642,
    "children": {
        "run_training.setup": {
            "total": 0.1532150999410078,
            "count": 1,
            "self": 0.1532150999410078
        },
        "TrainerController.start_learning": {
            "total": 22725.07130089996,
            "count": 1,
            "self": 16.051977205323055,
            "children": {
                "TrainerController._reset_env": {
                    "total": 10.055918500060216,
                    "count": 1,
                    "self": 10.055918500060216
                },
                "TrainerController.advance": {
                    "total": 22698.841747894534,
                    "count": 1046965,
                    "self": 13.622950331191532,
                    "children": {
                        "env_step": {
                            "total": 22149.873938727076,
                            "count": 1046965,
                            "self": 17609.559424780426,
                            "children": {
                                "SubprocessEnvManager._take_step": {
                                    "total": 4528.210859799758,
                                    "count": 1046965,
                                    "self": 42.6392395994626,
                                    "children": {
                                        "TorchPolicy.evaluate": {
                                            "total": 4485.571620200295,
                                            "count": 1046965,
                                            "self": 4485.571620200295
                                        }
                                    }
                                },
                                "workers": {
                                    "total": 12.10365414689295,
                                    "count": 1046964,
                                    "self": 0.0,
                                    "children": {
                                        "worker_root": {
                                            "total": 22691.821552083944,
                                            "count": 1046964,
                                            "is_parallel": true,
                                            "self": 5995.325934362132,