{
    "name": "root",
    "gauges": {
        "MarioAgent.Policy.Entropy.mean": {
            "value": 1.941820502281189,
            "min": 1.749338984489441,
            "max": 2.4210755825042725,
            "count": 39
        },
        "MarioAgent.Policy.Entropy.sum": {
            "value": 38813.109375,
            "min": 34932.55078125,
            "max": 48344.03515625,
            "count": 39
        },
        "MarioAgent.Environment.EpisodeLength.mean": {
            "value": 1885.4285714285713,
            "min": 412.0,
            "max": 15080.0,
            "count": 31
        },
        "MarioAgent.Environment.EpisodeLength.sum": {
            "value": 52792.0,
            "min": 637.0,
            "max": 52792.0,
            "count": 31
        },
        "MarioAgent.Step.mean": {
            "value": 4419957.0,
            "min": 3659991.0,
            "max": 4419957.0,
            "count": 39
        },
        "MarioAgent.Step.sum": {
            "value": 4419957.0,
            "min": 3659991.0,
            "max": 4419957.0,
            "count": 39
        },
        "MarioAgent.Policy.ExtrinsicValueEstimate.mean": {
            "value": 19.03770637512207,
            "min": 2.7062876224517822,
            "max": 67.8194580078125,
            "count": 39
        },
        "MarioAgent.Policy.ExtrinsicValueEstimate.sum": {
            "value": 6206.2919921875,
            "min": 847.0680541992188,
            "max": 22109.142578125,
            "count": 39
        },
        "MarioAgent.Environment.CumulativeReward.mean": {
            "value": 75.59214023540595,
            "min": 11.585663634662827,
            "max": 362.7694778709362,
            "count": 31
        },
        "MarioAgent.Environment.CumulativeReward.sum": {
            "value": 2116.5799265913665,
            "min": 34.75699090398848,
            "max": 7618.15903528966,
            "count": 31
        },
        "MarioAgent.Policy.ExtrinsicReward.mean": {
            "value": 75.59214023540595,
            "min": 11.585663634662827,
            "max": 362.7694778709362,
            "count": 31
        },
        "MarioAgent.Policy.ExtrinsicReward.sum": {
            "value": 2116.5799265913665,
            "min": 34.75699090398848,
            "max": 7618.15903528966,
            "count": 31
        },
        "MarioAgent.Losses.PolicyLoss.mean": {
            "value": 0.06795648474965879,
            "min": 0.0646254641256505,
            "max": 0.0760963849245706,
            "count": 39
        },
        "MarioAgent.Losses.PolicyLoss.sum": {
            "value": 0.06795648474965879,
            "min": 0.06516686283727031,
            "max": 0.1441567987080784,
            "count": 39
        },
        "MarioAgent.Losses.ValueLoss.mean": {
            "value": 17.7798226960671,
            "min": 0.03214553620415271,
            "max": 89.66342483006471,
            "count": 39
        },
        "MarioAgent.Losses.ValueLoss.sum": {
            "value": 17.7798226960671,
            "min": 0.06429107240830542,
            "max": 179.32684966012943,
            "count": 39
        },
        "MarioAgent.Policy.LearningRate.mean": {
            "value": 0.00021728153382283123,
            "min": 0.00021728153382283123,
            "max": 0.00023149286658571876,
            "count": 39
        },
        "MarioAgent.Policy.LearningRate.sum": {
            "value": 0.00021728153382283123,
            "min": 0.00021728153382283123,
            "max": 0.00046231013339663744,
            "count": 39
        },
        "MarioAgent.Policy.Epsilon.mean": {
            "value": 0.17242716875000003,
            "min": 0.17242716875000003,
            "max": 0.17716428125000006,
            "count": 39
        },
        "MarioAgent.Policy.Epsilon.sum": {
            "value": 0.17242716875000003,
            "min": 0.17242716875000003,
            "max": 0.3541033625,
            "count": 39
        },
        "MarioAgent.Policy.Beta.mean": {
            "value": 0.0036241157206250004,
            "min": 0.0036241157206250004,
            "max": 0.003860497634375001,
            "count": 39
        },
        "MarioAgent.Policy.Beta.sum": {
            "value": 0.0036241157206250004,
            "min": 0.0036241157206250004,
            "max": 0.007709757788750002,
            "count": 39
        },
        "MarioAgent.IsTraining.mean": {
            "value": 1.0,
            "min": 1.0,
            "max": 1.0,
            "count": 39
        },
        "MarioAgent.IsTraining.sum": {
            "value": 1.0,
            "min": 1.0,
            "max": 1.0,
            "count": 39
        }
    },
    "metadata": {
        "timer_format_version": "0.1.0",
        "start_time_seconds": "1764451836",
        "python_version": "3.10.11 (tags/v3.10.11:7d4cc5a, Apr  5 2023, 00:38:17) [MSC v.1929 64 bit (AMD64)]",
        "command_line_arguments": "C:\\Users\\ArthurPrediger\\AppData\\Local\\Programs\\Python\\Python310\\Scripts\\mlagents-learn Assets/ML-Config/platformer.yaml --run-id=mario1 --resume --time-scale=1",
        "mlagents_version": "1.1.0",
        "mlagents_envs_version": "1.1.0",
        "communication_protocol_version": "1.5.0",
        "pytorch_version": "2.2.2+cu121",
        "numpy_version": "1.23.5",
        "end_time_seconds": "1764468874"
    },
    "total": 17038.006537899957,
    "count": 1,
    "self": 0.005443499889224768,
    "children": {
        "run_training.setup": {
            "total": 0.14995099999941885,
            "count": 1,
            "self": 0.14995099999941885
        },
        "TrainerController.start_learning": {
            "total": 17037.85114340007,
            "count": 1,
            "self": 12.408834290108643,
            "children": {
                "TrainerController._reset_env": {
                    "total": 28.47927490004804,
                    "count": 1,
                    "self": 28.47927490004804
                },
                "TrainerController.advance": {
                    "total": 16996.83867340989,
                    "count": 793825,
                    "self": 10.61386365245562,
                    "children": {
                        "env_step": {
                            "total": 16583.739201054326,
                            "count": 793825,
                            "self": 13113.983547655633,
                            "children": {
                                "SubprocessEnvManager._take_step": {
                                    "total": 3460.718591868761,
                                    "count": 793825,
                                    "self": 31.729774425853975,
                                    "children": {
                                        "TorchPolicy.evaluate": {
                                            "total": 3428.988817442907,
                                            "count": 793825,
                                            "self": 3428.988817442907
                                        }
                                    }
                                },
                                "workers": {
                                    "total": 9.037061529932544,
                                    "count": 793824,
                                    "self": 0.0,
                                    "children": {
                                        "worker_root": {
                                            "total": 16990.391530758236,
                                            "count": 793824,
                                            "is_parallel": true,
                                            "self": 4567.012938585132,