{
    "name": "root",
    "gauges": {
        "MarioAgent.Policy.Entropy.mean": {
            "value": 1.5884959697723389,
            "min": 0.9769322276115417,
            "max": 1.6280829906463623,
            "count": 7
        },
        "MarioAgent.Policy.Entropy.sum": {
            "value": 31733.3828125,
            "min": 9289.6484375,
            "max": 32613.7578125,
            "count": 7
        },
        "MarioAgent.Environment.EpisodeLength.mean": {
            "value": 22339.5,
            "min": 1076.5555555555557,
            "max": 22339.5,
            "count": 4
        },
        "MarioAgent.Environment.EpisodeLength.sum": {
            "value": 44679.0,
            "min": 9053.0,
            "max": 55522.0,
            "count": 4
        },
        "MarioAgent.Step.mean": {
            "value": 15999949.0,
            "min": 15879954.0,
            "max": 15999949.0,
            "count": 7
        },
        "MarioAgent.Step.sum": {
            "value": 15999949.0,
            "min": 15879954.0,
            "max": 15999949.0,
            "count": 7
        },
        "MarioAgent.Policy.ExtrinsicValueEstimate.mean": {
            "value": -1.3169127702713013,
            "min": -4.875588417053223,
            "max": 188.30987548828125,
            "count": 7
        },
        "MarioAgent.Policy.ExtrinsicValueEstimate.sum": {
            "value": -412.1936950683594,
            "min": -1521.18359375,
            "max": 56079.30859375,
            "count": 7
        },
        "MarioAgent.Environment.CumulativeReward.mean": {
            "value": -13.74050182569772,
            "min": -13.74050182569772,
            "max": 1043.8673798947275,
            "count": 4
        },
        "MarioAgent.Environment.CumulativeReward.sum": {
            "value": -27.48100365139544,
            "min": -27.48100365139544,
            "max": 15850.603825028986,
            "count": 4
        },
        "MarioAgent.Policy.ExtrinsicReward.mean": {
            "value": -13.74050182569772,
            "min": -13.74050182569772,
            "max": 1043.8673798947275,
            "count": 4
        },
        "MarioAgent.Policy.ExtrinsicReward.sum": {
            "value": -27.48100365139544,
            "min": -27.48100365139544,
            "max": 15850.603825028986,
            "count": 4
        },
        "MarioAgent.IsTraining.mean": {
            "value": 1.0,
            "min": 1.0,
            "max": 1.0,
            "count": 7
        },
        "MarioAgent.IsTraining.sum": {
            "value": 1.0,
            "min": 1.0,
            "max": 1.0,
            "count": 7
        },
        "MarioAgent.Losses.PolicyLoss.mean": {
            "value": 0.07322561350359505,
            "min": 0.06644028523498416,
            "max": 0.07322561350359505,
            "count": 6
        },
        "MarioAgent.Losses.PolicyLoss.sum": {
            "value": 0.07322561350359505,
            "min": 0.06798783245460124,
            "max": 0.13889652258857868,
            "count": 6
        },
        "MarioAgent.Losses.ValueLoss.mean": {
            "value": 0.020150702961898866,
            "min": 0.020150702961898866,
            "max": 64.45863496872687,
            "count": 6
        },
        "MarioAgent.Losses.ValueLoss.sum": {
            "value": 0.020150702961898866,
            "min": 0.020150702961898866,
            "max": 128.91726993745374,
            "count": 6
        },
        "MarioAgent.Policy.LearningRate.mean": {
            "value": 1.7282494242499578e-07,
            "min": 1.7282494242499578e-07,
            "max": 2.090068053343749e-06,
            "count": 6
        },
        "MarioAgent.Policy.LearningRate.sum": {
            "value": 1.7282494242499578e-07,
            "min": 1.7282494242499578e-07,
            "max": 4.180136106687498e-06,
            "count": 6
        },
        "MarioAgent.Policy.Epsilon.mean": {
            "value": 0.10005757500000001,
            "min": 0.10005757500000001,
            "max": 0.10069665625000002,
            "count": 6
        },
        "MarioAgent.Policy.Epsilon.sum": {
            "value": 0.10005757500000001,
            "min": 0.10005757500000001,
            "max": 0.20139331250000003,
            "count": 6
        },
        "MarioAgent.Policy.Beta.mean": {
            "value": 1.2872992499999932e-05,
            "min": 1.2872992499999932e-05,
            "max": 4.4763146874999974e-05,
            "count": 6
        },
        "MarioAgent.Policy.Beta.sum": {
            "value": 1.2872992499999932e-05,
            "min": 1.2872992499999932e-05,
            "max": 8.952629374999995e-05,
            "count": 6
        }
    },
    "metadata": {
        "timer_format_version": "0.1.0",
        "start_time_seconds": "1764854768",
        "python_version": "3.10.11 (tags/v3.10.11:7d4cc5a, Apr  5 2023, 00:38:17) [MSC v.1929 64 bit (AMD64)]",
        "command_line_arguments": "C:\\Users\\ArthurPrediger\\AppData\\Local\\Programs\\Python\\Python310\\Scripts\\mlagents-learn Assets/ML-Config/platformer.yaml --run-id=mario1 --resume --time-scale=1",
        "mlagents_version": "1.1.0",
        "mlagents_envs_version": "1.1.0",
        "communication_protocol_version": "1.5.0",
        "pytorch_version": "2.2.2+cu121",
        "numpy_version": "1.23.5",
        "end_time_seconds": "1764857546"
    },
    "total": 2778.1386109997984,
    "count": 1,
    "self": 0.007133799837902188,
    "children": {
        "run_training.setup": {
            "total": 0.17259309999644756,
            "count": 1,
            "self": 0.17259309999644756
        },
        "TrainerController.start_learning": {
            "total": 2777.958884099964,
            "count": 1,
            "self": 1.9499730814713985,
            "children": {
                "TrainerController._reset_env": {
                    "total": 18.327108500059694,
                    "count": 1,
                    "self": 18.327108500059694
                },
                "TrainerController.advance": {
                    "total": 2757.574016518425,
                    "count": 129504,
                    "self": 1.7266761092469096,
                    "children": {
                        "env_step": {
                            "total": 2693.874639856629,
                            "count": 129504,
                            "self": 2138.2678404001053,
                            "children": {
                                "SubprocessEnvManager._take_step": {
                                    "total": 554.1085114921443,
                                    "count": 129504,
                                    "self": 5.23785946611315,
                                    "children": {
                                        "TorchPolicy.evaluate": {
                                            "total": 548.8706520260312,
                                            "count": 129504,
                                            "self": 548.8706520260312
                                        }
                                    }
                                },
                                "workers": {
                                    "total": 1.498287964379415,
                                    "count": 129504,
                                    "self": 0.0,
                                    "children": {
                                        "worker_root": {
                                            "total": 2757.916639906587,
                                            "count": 129504,
                                            "is_parallel": true,
                                            "self": 723.6339379865676,