{
    "name": "root",
    "gauges": {
        "MarioAgent.Policy.Entropy.mean": {
            "value": 1.1886987686157227,
            "min": 1.1449064016342163,
            "max": 2.107685089111328,
            "count": 119
        },
        "MarioAgent.Policy.Entropy.sum": {
            "value": 23754.955078125,
            "min": 338.19024658203125,
            "max": 42191.83203125,
            "count": 119
        },
        "MarioAgent.Environment.EpisodeLength.mean": {
            "value": 1252.0,
            "min": 0.0,
            "max": 22317.0,
            "count": 108
        },
        "MarioAgent.Environment.EpisodeLength.sum": {
            "value": 20032.0,
            "min": 0.0,
            "max": 55822.0,
            "count": 108
        },
        "MarioAgent.Step.mean": {
            "value": 13099959.0,
            "min": 10739971.0,
            "max": 13099959.0,
            "count": 119
        },
        "MarioAgent.Step.sum": {
            "value": 13099959.0,
            "min": 10739971.0,
            "max": 13099959.0,
            "count": 119
        },
        "MarioAgent.Policy.ExtrinsicValueEstimate.mean": {
            "value": 166.4849395751953,
            "min": -5.296224594116211,
            "max": 171.838134765625,
            "count": 119
        },
        "MarioAgent.Policy.ExtrinsicValueEstimate.sum": {
            "value": 53275.1796875,
            "min": -1657.71826171875,
            "max": 55160.04296875,
            "count": 119
        },
        "MarioAgent.Environment.CumulativeReward.mean": {
            "value": 1050.8095084632514,
            "min": -26.886002528946847,
            "max": 1079.379709482193,
            "count": 108
        },
        "MarioAgent.Environment.CumulativeReward.sum": {
            "value": 16812.952135412022,
            "min": -26.998003659769893,
            "max": 16821.440065532923,
            "count": 108
        },
        "MarioAgent.Policy.ExtrinsicReward.mean": {
            "value": 1050.8095084632514,
            "min": -26.886002528946847,
            "max": 1079.379709482193,
            "count": 108
        },
        "MarioAgent.Policy.ExtrinsicReward.sum": {
            "value": 16812.952135412022,
            "min": -26.998003659769893,
            "max": 16821.440065532923,
            "count": 108
        },
        "MarioAgent.IsTraining.mean": {
            "value": 1.0,
            "min": 1.0,
            "max": 1.0,
            "count": 119
        },
        "MarioAgent.IsTraining.sum": {
            "value": 1.0,
            "min": 1.0,
            "max": 1.0,
            "count": 119
        },
        "MarioAgent.Losses.PolicyLoss.mean": {
            "value": 0.06823214736416344,
            "min": 0.062397603399771705,
            "max": 0.07590981835520685,
            "count": 118
        },
        "MarioAgent.Losses.PolicyLoss.sum": {
            "value": 0.13646429472832688,
            "min": 0.0635270640803433,
            "max": 0.1468740012967841,
            "count": 118
        },
        "MarioAgent.Losses.ValueLoss.mean": {
            "value": 31.951412181082247,
            "min": 0.02402124034260657,
            "max": 125.80851934331238,
            "count": 118
        },
        "MarioAgent.Losses.ValueLoss.sum": {
            "value": 63.902824362164495,
            "min": 0.025672876196814343,
            "max": 251.61703868662477,
            "count": 118
        },
        "MarioAgent.Policy.LearningRate.mean": {
            "value": 5.4524172450303124e-05,
            "min": 5.4524172450303124e-05,
            "max": 9.840271094911876e-05,
            "count": 118
        },
        "MarioAgent.Policy.LearningRate.sum": {
            "value": 0.00010904834490060625,
            "min": 5.5314175311968744e-05,
            "max": 0.00019612736587425623,
            "count": 118
        },
        "MarioAgent.Policy.Epsilon.mean": {
            "value": 0.11817469687500003,
            "min": 0.11817469687500003,
            "max": 0.13280088125000003,
            "count": 118
        },
        "MarioAgent.Policy.Epsilon.sum": {
            "value": 0.23634939375000005,
            "min": 0.11843803124999996,
            "max": 0.26537574375000006,
            "count": 118
        },
        "MarioAgent.Policy.Beta.mean": {
            "value": 0.0009169173740625001,
            "min": 0.0009169173740625001,
            "max": 0.001646763974375,
            "count": 118
        },
        "MarioAgent.Policy.Beta.sum": {
            "value": 0.0018338347481250002,
            "min": 0.0009300577593750001,
            "max": 0.003282249613125,
            "count": 118
        }
    },
    "metadata": {
        "timer_format_version": "0.1.0",
        "start_time_seconds": "1764689384",
        "python_version": "3.10.11 (tags/v3.10.11:7d4cc5a, Apr  5 2023, 00:38:17) [MSC v.1929 64 bit (AMD64)]",
        "command_line_arguments": "C:\\Users\\ArthurPrediger\\AppData\\Local\\Programs\\Python\\Python310\\Scripts\\mlagents-learn Assets/ML-Config/platformer.yaml --run-id=mario1 --resume --time-scale=1",
        "mlagents_version": "1.1.0",
        "mlagents_envs_version": "1.1.0",
        "communication_protocol_version": "1.5.0",
        "pytorch_version": "2.2.2+cu121",
        "numpy_version": "1.23.5",
        "end_time_seconds": "1764742436"
    },
    "total": 53051.82469950011,
    "count": 1,
    "self": 0.005686600226908922,
    "children": {
        "run_training.setup": {
            "total": 0.174051099922508,
            "count": 1,
            "self": 0.174051099922508
        },
        "TrainerController.start_learning": {
            "total": 53051.64496179996,
            "count": 1,
            "self": 35.64489550399594,
            "children": {
                "TrainerController._reset_env": {
                    "total": 22.100181699963287,
                    "count": 1,
                    "self": 22.100181699963287
                },
                "TrainerController.advance": {
                    "total": 52993.77450629603,
                    "count": 2362953,
                    "self": 29.629853796912357,
                    "children": {
                        "env_step": {
                            "total": 51763.29791804799,
                            "count": 2362953,
                            "self": 41682.52779006143,
                            "children": {
                                "SubprocessEnvManager._take_step": {
                                    "total": 10054.845795733156,
                                    "count": 2362953,
                                    "self": 89.77705316641368,
                                    "children": {
                                        "TorchPolicy.evaluate": {
                                            "total": 9965.068742566742,
                                            "count": 2362953,
                                            "self": 9965.068742566742
                                        }
                                    }
                                },
                                "workers": {
                                    "total": 25.9243322534021,
                                    "count": 2362952,
                                    "self": 0.0,
                                    "children": {
                                        "worker_root": {
                                            "total": 52970.81961615919,
                                            "count": 2362952,
                                            "is_parallel": true,
                                            "self": 13150.140114715556,