{
    "name": "root",
    "gauges": {
        "MarioAgent.Policy.Entropy.mean": {
            "value": 2.431903839111328,
            "min": 2.431903839111328,
            "max": 2.4771862030029297,
            "count": 2
        },
        "MarioAgent.Policy.Entropy.sum": {
            "value": 48560.2578125,
            "min": 48560.2578125,
            "max": 49625.47265625,
            "count": 2
        },
        "MarioAgent.Environment.EpisodeLength.mean": {
            "value": 0.0,
            "min": 0.0,
            "max": 0.0,
            "count": 1
        },
        "MarioAgent.Environment.EpisodeLength.sum": {
            "value": 0.0,
            "min": 0.0,
            "max": 0.0,
            "count": 1
        },
        "MarioAgent.Step.mean": {
            "value": 39937.0,
            "min": 19969.0,
            "max": 39937.0,
            "count": 2
        },
        "MarioAgent.Step.sum": {
            "value": 39937.0,
            "min": 19969.0,
            "max": 39937.0,
            "count": 2
        },
        "MarioAgent.Policy.ExtrinsicValueEstimate.mean": {
            "value": 0.1268307864665985,
            "min": 0.08910400420427322,
            "max": 0.1268307864665985,
            "count": 2
        },
        "MarioAgent.Policy.ExtrinsicValueEstimate.sum": {
            "value": 39.571205139160156,
            "min": 27.88955307006836,
            "max": 39.571205139160156,
            "count": 2
        },
        "MarioAgent.Environment.CumulativeReward.mean": {
            "value": -0.0010000000474974513,
            "min": -0.0010000000474974513,
            "max": -0.0010000000474974513,
            "count": 1
        },
        "MarioAgent.Environment.CumulativeReward.sum": {
            "value": -0.0010000000474974513,
            "min": -0.0010000000474974513,
            "max": -0.0010000000474974513,
            "count": 1
        },
        "MarioAgent.Policy.ExtrinsicReward.mean": {
            "value": -0.0010000000474974513,
            "min": -0.0010000000474974513,
            "max": -0.0010000000474974513,
            "count": 1
        },
        "MarioAgent.Policy.ExtrinsicReward.sum": {
            "value": -0.0010000000474974513,
            "min": -0.0010000000474974513,
            "max": -0.0010000000474974513,
            "count": 1
        },
        "MarioAgent.Losses.PolicyLoss.mean": {
            "value": 0.06945160407463742,
            "min": 0.06829634263007431,
            "max": 0.06945160407463742,
            "count": 2
        },
        "MarioAgent.Losses.PolicyLoss.sum": {
            "value": 0.13890320814927484,
            "min": 0.06829634263007431,
            "max": 0.13890320814927484,
            "count": 2
        },
        "MarioAgent.Losses.ValueLoss.mean": {
            "value": 0.028705557433439166,
            "min": 0.01237831699723008,
            "max": 0.028705557433439166,
            "count": 2
        },
        "MarioAgent.Losses.ValueLoss.sum": {
            "value": 0.05741111486687833,
            "min": 0.01237831699723008,
            "max": 0.05741111486687833,
            "count": 2
        },
        "MarioAgent.Policy.LearningRate.mean": {
            "value": 0.0002994359814380062,
            "min": 0.0002994359814380062,
            "max": 0.0002997743813252062,
            "count": 2
        },
        "MarioAgent.Policy.LearningRate.sum": {
            "value": 0.0005988719628760124,
            "min": 0.0002997743813252062,
            "max": 0.0005988719628760124,
            "count": 2
        },
        "MarioAgent.Policy.Epsilon.mean": {
            "value": 0.19981199375000003,
            "min": 0.19981199375000003,
            "max": 0.19992479374999997,
            "count": 2
        },
        "MarioAgent.Policy.Epsilon.sum": {
            "value": 0.39962398750000006,
            "min": 0.19992479374999997,
            "max": 0.39962398750000006,
            "count": 2
        },
        "MarioAgent.Policy.Beta.mean": {
            "value": 0.004990618488124999,
            "min": 0.004990618488124999,
            "max": 0.004996247208125,
            "count": 2
        },
        "MarioAgent.Policy.Beta.sum": {
            "value": 0.009981236976249998,
            "min": 0.004996247208125,
            "max": 0.009981236976249998,
            "count": 2
        },
        "MarioAgent.IsTraining.mean": {
            "value": 1.0,
            "min": 1.0,
            "max": 1.0,
            "count": 2
        },
        "MarioAgent.IsTraining.sum": {
            "value": 1.0,
            "min": 1.0,
            "max": 1.0,
            "count": 2
        }
    },
    "metadata": {
        "timer_format_version": "0.1.0",
        "start_time_seconds": "1764246238",
        "python_version": "3.10.11 (tags/v3.10.11:7d4cc5a, Apr  5 2023, 00:38:17) [MSC v.1929 64 bit (AMD64)]",
        "command_line_arguments": "C:\\Users\\ArthurPrediger\\AppData\\Local\\Programs\\Python\\Python310\\Scripts\\mlagents-learn Assets/ML-Config/platformer.yaml --run-id=mario1 --force --time-scale=1",
        "mlagents_version": "1.1.0",
        "mlagents_envs_version": "1.1.0",
        "communication_protocol_version": "1.5.0",
        "pytorch_version": "2.2.2+cu121",
        "numpy_version": "1.23.5",
        "end_time_seconds": "1764247357"
    },
    "total": 1118.9212135999696,
    "count": 1,
    "self": 0.005618099821731448,
    "children": {
        "run_training.setup": {
            "total": 0.11328450008295476,
            "count": 1,
            "self": 0.11328450008295476
        },
        "TrainerController.start_learning": {
            "total": 1118.802311000065,
            "count": 1,
            "self": 0.8416977940360084,
            "children": {
                "TrainerController._reset_env": {
                    "total": 7.643493499956094,
                    "count": 1,
                    "self": 7.643493499956094
                },
                "TrainerController.advance": {
                    "total": 1110.1583928059554,
                    "count": 54254,
                    "self": 0.7338683173293248,
                    "children": {
                        "env_step": {
                            "total": 1083.3039548941888,
                            "count": 54254,
                            "self": 848.7347116990713,
                            "children": {
                                "SubprocessEnvManager._take_step": {
                                    "total": 233.9755014916882,
                                    "count": 54254,
                                    "self": 2.264364195987582,
                                    "children": {
                                        "TorchPolicy.evaluate": {
                                            "total": 231.7111372957006,
                                            "count": 54254,
                                            "self": 231.7111372957006
                                        }
                                    }
                                },
                                "workers": {
                                    "total": 0.5937417034292594,
                                    "count": 54253,
                                    "self": 0.0,
                                    "children": {
                                        "worker_root": {
                                            "total": 1107.2659587290836,
                                            "count": 54253,
                                            "is_parallel": true,
                                            "self": 305.5503124515526,