{
    "name": "root",
    "gauges": {
        "MarioAgent.Policy.Entropy.mean": {
            "value": 1.6758575439453125,
            "min": 1.271440863609314,
            "max": 1.9578211307525635,
            "count": 66
        },
        "MarioAgent.Policy.Entropy.sum": {
            "value": 33461.84765625,
            "min": 20355.474609375,
            "max": 39181.875,
            "count": 66
        },
        "MarioAgent.Environment.EpisodeLength.mean": {
            "value": 4997.3,
            "min": 492.0,
            "max": 15113.666666666666,
            "count": 50
        },
        "MarioAgent.Environment.EpisodeLength.sum": {
            "value": 49973.0,
            "min": 492.0,
            "max": 62599.0,
            "count": 50
        },
        "MarioAgent.Step.mean": {
            "value": 9439964.0,
            "min": 8139987.0,
            "max": 9439964.0,
            "count": 66
        },
        "MarioAgent.Step.sum": {
            "value": 9439964.0,
            "min": 8139987.0,
            "max": 9439964.0,
            "count": 66
        },
        "MarioAgent.Policy.ExtrinsicValueEstimate.mean": {
            "value": 39.42861557006836,
            "min": -0.4581958055496216,
            "max": 130.28636169433594,
            "count": 66
        },
        "MarioAgent.Policy.ExtrinsicValueEstimate.sum": {
            "value": 12577.728515625,
            "min": -142.95709228515625,
            "max": 41821.921875,
            "count": 66
        },
        "MarioAgent.Environment.CumulativeReward.mean": {
            "value": 261.9617041062564,
            "min": 41.15199641262492,
            "max": 764.809000846697,
            "count": 50
        },
        "MarioAgent.Environment.CumulativeReward.sum": {
            "value": 2619.6170410625637,
            "min": 55.50699520111084,
            "max": 13454.23607889004,
            "count": 50
        },
        "MarioAgent.Policy.ExtrinsicReward.mean": {
            "value": 261.9617041062564,
            "min": 41.15199641262492,
            "max": 764.809000846697,
            "count": 50
        },
        "MarioAgent.Policy.ExtrinsicReward.sum": {
            "value": 2619.6170410625637,
            "min": 55.50699520111084,
            "max": 13454.23607889004,
            "count": 50
        },
        "MarioAgent.Losses.PolicyLoss.mean": {
            "value": 0.07067922254156656,
            "min": 0.06125177800209932,
            "max": 0.07351126771014438,
            "count": 66
        },
        "MarioAgent.Losses.PolicyLoss.sum": {
            "value": 0.1413584450831331,
            "min": 0.06125177800209932,
            "max": 0.1443696271653091,
            "count": 66
        },
        "MarioAgent.Losses.ValueLoss.mean": {
            "value": 5.056047200792793,
            "min": 0.01213509135331351,
            "max": 110.93303645587136,
            "count": 66
        },
        "MarioAgent.Losses.ValueLoss.sum": {
            "value": 10.112094401585585,
            "min": 0.01213509135331351,
            "max": 194.25486634025435,
            "count": 66
        },
        "MarioAgent.Policy.LearningRate.mean": {
            "value": 0.00012313992457837813,
            "min": 0.00012313992457837813,
            "max": 0.00014739211336931251,
            "count": 66
        },
        "MarioAgent.Policy.LearningRate.sum": {
            "value": 0.00024627984915675627,
            "min": 0.00012392951494018126,
            "max": 0.00029365827086394377,
            "count": 66
        },
        "MarioAgent.Policy.Epsilon.mean": {
            "value": 0.141046621875,
            "min": 0.141046621875,
            "max": 0.14913068750000003,
            "count": 66
        },
        "MarioAgent.Policy.Epsilon.sum": {
            "value": 0.28209324375,
            "min": 0.14130981875,
            "max": 0.29788605625,
            "count": 66
        },
        "MarioAgent.Policy.Beta.mean": {
            "value": 0.0020582264315625,
            "min": 0.0020582264315625,
            "max": 0.00246162130625,
            "count": 66
        },
        "MarioAgent.Policy.Beta.sum": {
            "value": 0.004116452863125,
            "min": 0.002071359955625,
            "max": 0.004904514206875,
            "count": 66
        },
        "MarioAgent.IsTraining.mean": {
            "value": 1.0,
            "min": 1.0,
            "max": 1.0,
            "count": 66
        },
        "MarioAgent.IsTraining.sum": {
            "value": 1.0,
            "min": 1.0,
            "max": 1.0,
            "count": 66
        }
    },
    "metadata": {
        "timer_format_version": "0.1.0",
        "start_time_seconds": "1764163265",
        "python_version": "3.10.11 (tags/v3.10.11:7d4cc5a, Apr  5 2023, 00:38:17) [MSC v.1929 64 bit (AMD64)]",
        "command_line_arguments": "C:\\Users\\ArthurPrediger\\AppData\\Local\\Programs\\Python\\Python310\\Scripts\\mlagents-learn Assets/ML-Config/platformer.yaml --run-id=mario4 --resume --time-scale=1",
        "mlagents_version": "1.1.0",
        "mlagents_envs_version": "1.1.0",
        "communication_protocol_version": "1.5.0",
        "pytorch_version": "2.2.2+cu121",
        "numpy_version": "1.23.5",
        "end_time_seconds": "1764192302"
    },
    "total": 29036.763480700087,
    "count": 1,
    "self": 0.005328000173904002,
    "children": {
        "run_training.setup": {
            "total": 0.17735629994422197,
            "count": 1,
            "self": 0.17735629994422197
        },
        "TrainerController.start_learning": {
            "total": 29036.58079639997,
            "count": 1,
            "self": 20.77802497521043,
            "children": {
                "TrainerController._reset_env": {
                    "total": 8.165019700070843,
                    "count": 1,
                    "self": 8.165019700070843
                },
                "TrainerController.advance": {
                    "total": 29007.495741624734,
                    "count": 1332146,
                    "self": 18.78868982673157,
                    "children": {
                        "env_step": {
                            "total": 28287.132797655882,
                            "count": 1332146,
                            "self": 22427.529336727108,
                            "children": {
                                "SubprocessEnvManager._take_step": {
                                    "total": 5843.59397215466,
                                    "count": 1332146,
                                    "self": 55.91507413389627,
                                    "children": {
                                        "TorchPolicy.evaluate": {
                                            "total": 5787.678898020764,
                                            "count": 1332146,
                                            "self": 5787.678898020764
                                        }
                                    }
                                },
                                "workers": {
                                    "total": 16.00948877411429,
                                    "count": 1332145,
                                    "self": 0.0,
                                    "children": {
                                        "worker_root": {
                                            "total": 28999.86947601044,
                                            "count": 1332145,
                                            "is_parallel": true,
                                            "self": 7650.248634270625,